{
  "metadata": {
    "schemaVersion": "1.0",
    "importType": "LEX",
    "importFormat": "JSON"
  },
  "resource": {
    "description": "riskLevel",
    "name": "riskLevel",
    "version": "1",
    "enumerationValues": [
      {
        "value": "high",
        "synonyms": [
          "aggresive"
        ]
      },
      {
        "value": "low",
        "synonyms": [
          "conservative"
        ]
      },
      {
        "value": "very high",
        "synonyms": [
          "maximum",
          "very aggressive"
        ]
      },
      {
        "value": "none",
        "synonyms": [
          "no risk",
          "zero"
        ]
      },
      {
        "value": "very low",
        "synonyms": [
          "very conservative",
          "minimal"
        ]
      },
      {
        "value": "medium",
        "synonyms": [
          "balanced",
          "moderate",
          "average"
        ]
      }
    ],
    "valueSelectionStrategy": "TOP_RESOLUTION"
  }
}